http://fraganciasoasis.com/images/688575181180.jpg,1881 BLACK M 3.4,49,19.99
http://fraganciasoasis.com/images/688575003659.jpg,1881 M 3.4,49,18.99
http://fraganciasoasis.com/images/688575134490.jpg,1881 W 3.3,49,23.95
http://fraganciasoasis.com/images/8411061341704.jpg,212 M 1.7,59,31.75
http://fraganciasoasis.com/images/8411061341605.jpg,212 M 3.4,80,49.5
http://fraganciasoasis.com/images/8411061545904.jpg,212 SEXY W 3.4,88,55.95
http://fraganciasoasis.com/images/8411061723777.jpg,212 VIP M 1.7,60,32.75
http://fraganciasoasis.com/images/8411061723760.jpg,212 VIP M 3.4,79,46.75
http://fraganciasoasis.com/images/8411061777176.jpg,212 VIP ROSE W 2.7,97,55.95
http://fraganciasoasis.com/images/8411061711804.jpg,212 VIP W 1.7,69,39.99
http://fraganciasoasis.com/images/8411061251706.jpg,212 W 2.0,69,37.95
http://fraganciasoasis.com/images/8411061251607.jpg,212 W 3.4,88,54.75
http://fraganciasoasis.com/images/603531659008.jpg,23 BY JORDAN M 3.4,49,19.99
http://fraganciasoasis.com/images/837015005542.jpg,273 RED W 2.5,45,13.5
http://fraganciasoasis.com/images/5466396.jpg,360 M 1.7,35,16.95
http://fraganciasoasis.com/images/844061000612.jpg,360 M 3.4,39,18.95
http://fraganciasoasis.com/images/844061000551.jpg,360 RED M 3.4,39,18.95
http://fraganciasoasis.com/images/844061000575.jpg,360 RED W 3.4,39,18.75
http://fraganciasoasis.com/images/844061000599.jpg,360 W 3.4,45,23.5
http://fraganciasoasis.com/images/844061000469.jpg,360 WHITE M 3.4,39,18.75
http://fraganciasoasis.com/images/608940518939.jpg,360 WHITE W 3.4,39,18.95
http://fraganciasoasis.com/images/085805043476.jpg,5TH AVE AFTER FIVE W 4.2,39,16.99
http://fraganciasoasis.com/images/085805086541.jpg,5TH AVE NIGHTS W 4.2,45,16.75
http://fraganciasoasis.com/images/085805156602.jpg,5TH AVENUE NYC W 4.2,45,16.5
http://fraganciasoasis.com/images/085805390600.jpg,5TH AVENUE W 4.2,45,23.95
http://fraganciasoasis.com/images/3516640924158.jpg,ACADIA W 3.4,29,9.5
http://fraganciasoasis.com/images/3360372058878.jpg,ACQUA DI GIO M 3.4,88,54.95
http://fraganciasoasis.com/images/3360372054559.jpg,ACQUA DI GIO W 3.4,89,57.95
http://fraganciasoasis.com/images/3605521739629.jpg,ACQUA DI GIOGIA EAU FRAICHE W,89,57.5
http://fraganciasoasis.com/images/3605521172525.jpg,ACQUA DI GIOGIA W 3.4,85,57.5
http://fraganciasoasis.com/images/3607345153612.jpg,ADIDAS MOVES PULSE W 1.0,19,6.75
http://fraganciasoasis.com/images/3412241210204.jpg,ADIDAS VICTORY LEAGUE W 3.4,25,6.75
http://fraganciasoasis.com/images/6924574511455.jpg,AGREEABLE GOLD W 3.4,29,8.95
http://fraganciasoasis.com/images/6924574511462.jpg,AGREEABLE PINK W 3.4,29,8.95
http://fraganciasoasis.com/images/6924574511479.jpg,AGREEABLE PURPLE W 3.4,29,8.95
http://fraganciasoasis.com/images/067724220107.jpg,ALFRED SUNG PURE W 3.4,45,18.95
http://fraganciasoasis.com/images/8718657762081.jpg,ALLIGATOR WHITE 6 M 3.4,29,6.99
http://fraganciasoasis.com/images/3360373063703.jpg,AMOR AMOR W 1.7,45,21.5
http://fraganciasoasis.com/images/3360373063680.jpg,AMOR AMOR W 3.4,69,39.99
http://fraganciasoasis.com/images/3360374533205.jpg,ANAIS ANAIS W 3.3,65,39.99
http://fraganciasoasis.com/images/3439600666090.jpg,ANGEL M 3.4 REFILL,75,41.75
http://fraganciasoasis.com/images/3439600204094.jpg,ANGEL W 1.7,95,55.5
http://fraganciasoasis.com/images/892456000310.jpg,ANIMALE ANIMALE M 3.4,45,17.75
http://fraganciasoasis.com/images/892456000174.jpg,ANIMALE M 3.4,39,17.95
http://fraganciasoasis.com/images/892456000037.jpg,ANIMALE W 3.4,49,29.99
http://fraganciasoasis.com/images/8411061137017.jpg,ANTONIO BANDERA SPIRIT M 3.4,49,18.5
http://fraganciasoasis.com/images/8411061561904.jpg,AQUA QUORUM M 3.3,33,12.5
http://fraganciasoasis.com/images/022548006719.jpg,ARAMIS M 3.7,65,35.75
http://fraganciasoasis.com/images/085805785048.jpg,ARDEN BEAUTY W 1.0,25,8.5
http://fraganciasoasis.com/images/085805785345.jpg,ARDEN BEAUTY W 3.3,33,12.95
http://fraganciasoasis.com/images/3605522010963.jpg,ARMANI CODE ICE M 2.5,95,49.99
http://fraganciasoasis.com/images/3605521444219.jpg,ARMANI CODE LUNA W 2.5,85,47.5
http://fraganciasoasis.com/images/3360372100522.jpg,ARMANI CODE M 2.5,89,51.95
http://fraganciasoasis.com/images/3360375006432.jpg,ARMANI CODE M 4.2,98,68.75
http://fraganciasoasis.com/images/3360375010972.jpg,ARMANI CODE W 2.5 EDP,89,59.95
http://fraganciasoasis.com/images/336037204522.jpg,ARMANI MANIA M 3.4,89,55.75
http://fraganciasoasis.com/images/3360372089896.jpg,ARMANI MANIA W 2.5,80,59.5
http://fraganciasoasis.com/images/5466395.jpg,ARMANI SI W 3.4,120,69.99
http://fraganciasoasis.com/images/020714999346.jpg,AROMATICS ELIXIR W 3.4,85,53.75
http://fraganciasoasis.com/images/3700608323330.jpg,ARSENAL BLUE M 3.4,35,13.75
http://fraganciasoasis.com/images/3700608326331.jpg,ARSENAL RED M 3.4,35,13.5
http://fraganciasoasis.com/images/804879253655.jpg,AVATARE W 3.4,33,13.5
http://fraganciasoasis.com/images/3351500954247.jpg,AZZARO CHROME LEGEND M 4.2,45,22.95
http://fraganciasoasis.com/images/3351500920327.jpg,AZZARO CHROME M 3.4 TESTER,45,18.99
http://fraganciasoasis.com/images/3351500951741.jpg,AZZARO CHROME SPORT M 3.3,55,19.5
http://fraganciasoasis.com/images/3351500974115.jpg,AZZARO ONYX M 3.4,49,17.75
http://fraganciasoasis.com/images/3351500975013.jpg,AZZARO SILVER BLACK M 3.4,45,19.95
http://fraganciasoasis.com/images/3351500950027.jpg,AZZARO VISIT M 3.4,45,19.95
http://fraganciasoasis.com/images/3605470202366.jpg,B.UNITED JEANS M 3.4,39,13.75
http://fraganciasoasis.com/images/3605470202380.jpg,B.UNITED JEANS W 3.4,45,14.75
http://fraganciasoasis.com/images/031655502533.jpg,BABY PHAT GODDESS W 3.4,49.99,17.95
http://fraganciasoasis.com/images/085715431998.jpg,BANANA REPUBLIC M 3.4,45,21.5
http://fraganciasoasis.com/images/085715409164.jpg,BANANA REPUBLIC M 4.2,42,19.99
http://fraganciasoasis.com/images/843711090737.jpg,BARCELONA FC M 3.4 TESTER,29,6.75
http://fraganciasoasis.com/images/667536650446.jpg,BBW BL A THOUSAND WISHES,12.5,6.99
http://fraganciasoasis.com/images/667532624182.jpg,BBW BL BEAUTIFUL DAY,12.5,6.99
http://fraganciasoasis.com/images/667532626681.jpg,BBW BL CHERRY BLOSSOM,12.5,6.99
http://fraganciasoasis.com/images/667538896132.jpg,BBW BL DARK KISS,12.5,6.99
http://fraganciasoasis.com/images/667535517665.jpg,BBW BL ENDLESS WEEKEND,12.5,6.99
http://fraganciasoasis.com/images/667534885871.jpg,BBW BL LAVANDER Y HONEY,12.5,6.99
http://fraganciasoasis.com/images/667537602536.jpg,BBW BL LOVE & SUNSHINE,12.5,6.99
http://fraganciasoasis.com/images/667534375266.jpg,BBW BL MAD ABOUT YOU,12.5,6.99
http://fraganciasoasis.com/images/667532626049.jpg,BBW BL PARIS AMOUR,12.5,6.99
http://fraganciasoasis.com/images/667532626056.jpg,BBW BL PINK CHIFFON,12.5,6.99
http://fraganciasoasis.com/images/667532626025.jpg,BBW BL SWEET PEA,12.5,6.99
http://fraganciasoasis.com/images/667537485108.jpg,BBW BL TAHITI ISLAND DREAM,12.5,6.99
http://fraganciasoasis.com/images/667533559834.jpg,BBW BL VELVET SUGAR,12.5,6.99
http://fraganciasoasis.com/images/667532626667.jpg,BBW BL WARM VANILLA SUGAR,12.5,6.99
http://fraganciasoasis.com/images/667537485160.jpg,BBW CREAM TAHITI ISLAND DREAM,13,6.99
http://fraganciasoasis.com/images/667531938075.jpg,BBW SPL  BEAUTIFUL DAY,14,7.99
http://fraganciasoasis.com/images/667536650439.jpg,BBW SPL A THOUSAND WISHES,14,7.99
http://fraganciasoasis.com/images/0667532627343.jpg,BBW SPL CHERRY BLOSSOM,14,7.99
http://fraganciasoasis.com/images/0667538896194.jpg,BBW SPL DARK KISS,14,7.99
http://fraganciasoasis.com/images/667535514763.jpg,BBW SPL ENDLESS WEEKEND,14,7.99
http://fraganciasoasis.com/images/667534910948.jpg,BBW SPL LAVANDER Y HONEY,14,7.99
http://fraganciasoasis.com/images/667537602574.jpg,BBW SPL LOVE & SUNSHINE,14,7.99
http://fraganciasoasis.com/images/0667534375273.jpg,BBW SPL MAD ABOUT YOU,14,7.99
http://fraganciasoasis.com/images/667532627503.jpg,BBW SPL PARIS AMOUR,14,7.99
http://fraganciasoasis.com/images/667532627329.jpg,BBW SPL PINK CHIFFON,14,7.99
http://fraganciasoasis.com/images/667532620696.jpg,BBW SPL SWEET PEA,14,7.99
http://fraganciasoasis.com/images/667538800054.jpg,BBW SPL TAHITI ISLAND DREAM,14,7.99
http://fraganciasoasis.com/images/0667533504735.jpg,BBW SPL VELVET SUGAR,14,7.99
http://fraganciasoasis.com/images/667532627350.jpg,BBW SPL WARM VANILLA SUGAR,14,7.99
http://fraganciasoasis.com/images/094922387332.jpg,BCBG MAXAZRIA BON CHIC W 3.4,45,18.99
http://fraganciasoasis.com/images/719346175258.jpg,BCBG MAXAZRIA BON GENRE W 3.4,45,19.95
http://fraganciasoasis.com/images/094922192042.jpg,BCBG MAXAZRIA W 3.4,45,20.5
http://fraganciasoasis.com/images/8718657764665.jpg,BE FIT M 0.85,9,2.5
http://fraganciasoasis.com/images/3700134407566.jpg,BE SEDUCED W 2.8,49,17.75
http://fraganciasoasis.com/images/3607340302565.jpg,BEYONCE HEAT RUSH W 3.4,35,13.5
http://fraganciasoasis.com/images/3607344343892.jpg,BEYONCE HEAT W 3.4,39,14.99
http://fraganciasoasis.com/images/3607344344110.jpg,BEYONCE HEAT W 3.4 TESTER,29,8.75
http://fraganciasoasis.com/images/3607340605154.jpg,BEYONCE MIDNIGHT HEAT W 3.4,39,13.95
http://fraganciasoasis.com/images/3607346189771.jpg,BEYONCE MIDNIGHT HEAT W TESTER,29,8.75
http://fraganciasoasis.com/images/3607342706750.jpg,BEYONCE MRS CARTER EDT TESTER,29,8.95
http://fraganciasoasis.com/images/3607344971385.jpg,BEYONCE PULSE W 3.4,39,12.99
http://fraganciasoasis.com/images/603531640013.jpg,BIJAN M 2.5,45,17.75
http://fraganciasoasis.com/images/8018365260757.jpg,BLUE JEANS M 2.5,35,16.5
http://fraganciasoasis.com/images/098691021770.jpg,BORA BORA W 3.4,35,14.95
http://fraganciasoasis.com/images/098691045561.jpg,BORA EXOTIC M 3.4,39,15.75
http://fraganciasoasis.com/images/098691045578.jpg,BORA EXOTIC W 3.4,39,16.75
http://fraganciasoasis.com/images/4084500357150.jpg,BOSS 1 M 4.2,69,29.5
http://fraganciasoasis.com/images/737052218175.jpg,BOSS INTENSE BODY LOTION M 5.0,55,27.75
http://fraganciasoasis.com/images/737052684512.jpg,BOSS JOUR W EDP 2.5 TESTER,55,23
http://fraganciasoasis.com/images/737052347974.jpg,BOSS ORANGE IN MOTION M 3.3,69,33.5
http://fraganciasoasis.com/images/737052852034.jpg,BOSS ORANGE W 3.0,69,33.5
http://fraganciasoasis.com/images/3386460036405.jpg,BOUCHERON M 3.3,65,32.5
http://fraganciasoasis.com/images/3386460036795.jpg,BOUCHERON W 3.3,65,37.95
http://fraganciasoasis.com/images/827755090939.jpg,BRUT M 3.0,33,10.75
http://fraganciasoasis.com/images/719346117722.jpg,BS BELIEVE W 3.3,45,19.95
http://fraganciasoasis.com/images/719346034449.jpg,BS CURIOUS BODY LOTION W 6.8,33,11.75
http://fraganciasoasis.com/images/719346072915.jpg,BS CURIOUS IN CONTROL W 3.3,49,18.95
http://fraganciasoasis.com/images/719346034425.jpg,BS CURIOUS W 3.4,45,18.75
http://fraganciasoasis.com/images/719346552875.jpg,BS FANTASY  HIDDEN W 3.3,39,16.5
http://fraganciasoasis.com/images/719346601887.jpg,BS FANTASY ANNIVERSARY W 3.4,55,26.99
http://fraganciasoasis.com/images/719346567442.jpg,BS FANTASY CIRCUS W 3.4,49,16.99
http://fraganciasoasis.com/images/719346094665.jpg,BS FANTASY MIDNIGHT W 3.3,45,21.75
http://fraganciasoasis.com/images/719346607094.jpg,BS FANTASY NAUGHTY REMIX W 3.4,55,26.5
http://fraganciasoasis.com/images/719346607049.jpg,BS FANTASY NICE REMIX W 3.4,55,26.5
http://fraganciasoasis.com/images/719346188807.jpg,BS FANTASY ROCKER W 3.4,59,24.75
http://fraganciasoasis.com/images/719346159333.jpg,BS FANTASY TWIST W 3.3,49,25.5
http://fraganciasoasis.com/images/719346065405.jpg,BS FANTASY W 3.3,55,25.75
http://fraganciasoasis.com/images/719346170673.jpg,BS ISLAND FANTASY W 3.3,45,18.75
http://fraganciasoasis.com/images/719346145855.jpg,BS RADIANCE COSMIC W 3.3,45,16.95
http://fraganciasoasis.com/images/719346145893.jpg,BS RADIANCE COSMIC W 3.4 TXT,29,10.5
http://fraganciasoasis.com/images/719346135849.jpg,BS RADIANCE W 3.3,39,16.95
http://fraganciasoasis.com/images/3386460026338.jpg,BURBERRY BRIT LIMITE E M 3.3,69,34.75
http://fraganciasoasis.com/images/5045252668009.jpg,BURBERRY BRIT M 3.4,65,33.75
http://fraganciasoasis.com/images/5045415437060.jpg,BURBERRY BRIT W 1.6,65,31.5
http://fraganciasoasis.com/images/5045411327044.jpg,BURBERRY BRIT W 3.3,69,35.5
http://fraganciasoasis.com/images/5045252668184.jpg,BURBERRY LONDON M 3.4,65,33.75
http://fraganciasoasis.com/images/5045252668085.jpg,BURBERRY LONDON W 3.4,65,33.75
http://fraganciasoasis.com/images/5045379571534.jpg,BURBERRY SPORT M 2.5,55,25.5
http://fraganciasoasis.com/images/5045379571459.jpg,BURBERRY SPORT W 2.5,65,35.75
http://fraganciasoasis.com/images/3386460013611.jpg,BURBERRY THE BEAT M 3.4,55,28.5
http://fraganciasoasis.com/images/5045252648988.jpg,BURBERRY TOUCH M 3.4,69,32.75
http://fraganciasoasis.com/images/5045252667309.jpg,BURBERRY W 3.4,65,33.75
http://fraganciasoasis.com/images/783320911521.jpg,BVLGARI AQVA M 3.4,69,33.99
http://fraganciasoasis.com/images/783320913525.jpg,BVLGARI AQVA MARINE M 3.4,79,34.95
http://fraganciasoasis.com/images/783320851025.jpg,BVLGARI BLACK M 2.5,69,34.75
http://fraganciasoasis.com/images/783320942068.jpg,BVLGARI BLV II W 2.5,69,31.75
http://fraganciasoasis.com/images/783320881596.jpg,BVLGARI BLV M 3.4,79,34.75
http://fraganciasoasis.com/images/783320833649.jpg,BVLGARY EXTREME M 3.4,65,32.5
http://fraganciasoasis.com/images/783320831591.jpg,BVLGARY M 3.4,69,33.75
http://fraganciasoasis.com/images/783320971525.jpg,BVLGARY MAN 3.4,69,43.5
http://fraganciasoasis.com/images/3700134406293.jpg,BY KAREN DARKNESS M 3.4,35,11.75
http://fraganciasoasis.com/images/3700134406309.jpg,BY KAREN DOUBLE BLUE M 3.4,29,8.95
http://fraganciasoasis.com/images/3700134406316.jpg,BY KAREN M 3.4,35,8.95
http://fraganciasoasis.com/images/7640111494027.jpg,CABOTINE W 3.4,25,10.99
http://fraganciasoasis.com/images/820455038652.jpg,CAESAR M 4.0,33,10.75
http://fraganciasoasis.com/images/3331430121049.jpg,CAFE CAFE M 3.4,25,7.75
http://fraganciasoasis.com/images/3331430066043.jpg,CAFE W 3.0,39,13.5
http://fraganciasoasis.com/images/3432240002792.jpg,CARTIER DECLARATION 1.6,59,27.95
http://fraganciasoasis.com/images/3432240002808.jpg,CARTIER DECLARATION 3.3,89,41.75
http://fraganciasoasis.com/images/3432240034199.jpg,CARTIER DECLARATION LEAU 3.4 M,79,39.99
http://fraganciasoasis.com/images/3432240009609.jpg,CARTIER DECLARATION M 3.4 TEST,65,30.95
http://fraganciasoasis.com/images/3432240029263.jpg,CARTIER DECLARATION SOIR 3.4,79,38.99
http://fraganciasoasis.com/images/3432240029355.jpg,CARTIER DECLARATION SOIR TST,65,31.5
http://fraganciasoasis.com/images/3432240017321.jpg,CARTIER DELICES W 3.3,90,47.95
http://fraganciasoasis.com/images/3432240029003.jpg,CARTIER EAU BOIS W 3.4,69,36.5
http://fraganciasoasis.com/images/3432240005908.jpg,CARTIER EAU CARTIER 3.3,89,38.5
http://fraganciasoasis.com/images/3432240030818.jpg,CARTIER GOUTE DE ROSE W 3.3,89,37.95
http://fraganciasoasis.com/images/3432240005649.jpg,CARTIER MUST W 3.3,115,46.5
http://fraganciasoasis.com/images/3432240000989.jpg,CARTIER PASHA M 3.3,79,37.95
http://fraganciasoasis.com/images/3432240021397.jpg,CARTIER ROADSTER M 3.3,79,39.99
http://fraganciasoasis.com/images/3432240025401.jpg,CARTIER ROASTER SPORT M 3.4,79,39.99
http://fraganciasoasis.com/images/3432240003638.jpg,CARTIER SANTOS M 3.3,85,36.75
http://fraganciasoasis.com/images/3432240032522.jpg,CARTIER ZESTE SOLEIL 3.4 TESTE,59,23
http://fraganciasoasis.com/images/3661163946788.jpg,CELINE D SENSACIONAL W 3.4,35,18.5
http://fraganciasoasis.com/images/3607348939527.jpg,CELINE DION W 3.4,39,16.75
http://fraganciasoasis.com/images/8411061665022.jpg,CH M 3.4,84,47.75
http://fraganciasoasis.com/images/8411061735800.jpg,CH MARINE W 3.4,98,58.75
http://fraganciasoasis.com/images/8411061786338.jpg,CH PRIVE M 3.4,89,54.95
http://fraganciasoasis.com/images/8411061764633.jpg,CH SUBLIME W 1.7,87,39.95
http://fraganciasoasis.com/images/8411061764626.jpg,CH SUBLIME W 2.7,110,58.75
http://fraganciasoasis.com/images/8411061607152.jpg,CH W 3.4,100,56.95
http://fraganciasoasis.com/images/3607342297890.jpg,CHAMPION ENERGY M 1.7,39,18.5
http://fraganciasoasis.com/images/3607340188602.jpg,CHAMPION M  3.0,49,22.5
http://fraganciasoasis.com/images/5000386111838.jpg,CHARLIE GOLD W 3.4,25,6.75
http://fraganciasoasis.com/images/5000386147745.jpg,CHARLIE SILVER W 3.4,25,7.75
http://fraganciasoasis.com/images/8411061311608.jpg,CHIC M 3.4,65,39.99
http://fraganciasoasis.com/images/688575002959.jpg,CHLOE W 3.0,49,27.5
http://fraganciasoasis.com/images/737052120446.jpg,CHRISTINA AGUILERA W 2.5,55,23.75
http://fraganciasoasis.com/images/309979047994.jpg,CIARA W 2.3 80 ST,19,6.99
http://fraganciasoasis.com/images/36110400000233.jpg,CIGAR M 3.3,39,14.75
http://fraganciasoasis.com/images/088300104406.jpg,CK BE 3.4,49,18.5
http://fraganciasoasis.com/images/3607342306134.jpg,CK BEAUTY SHEER BEAUTY W 3.4,65,29.99
http://fraganciasoasis.com/images/3607349315115.jpg,CK BEAUTY SHEER E W 3.4,55,28.95
http://fraganciasoasis.com/images/3607342137172.jpg,CK BEAUTY W 3.4,65,31.75
http://fraganciasoasis.com/images/088300000012.jpg,CK CONTRADICTION M 3.4,49,21.75
http://fraganciasoasis.com/images/3607349660826.jpg,CK ENCOUNTER FRESH M 3.4,65,32.95
http://fraganciasoasis.com/images/088300100514.jpg,CK ESCAPE  M 3.4,45,23.99
http://fraganciasoasis.com/images/088300108404.jpg,CK ESCAPE  W 3.4,55,24.95
http://fraganciasoasis.com/images/3607342107977.jpg,CK ETERNITY AQUA M 3.4,59,27.95
http://fraganciasoasis.com/images/3607348556700.jpg,CK ETERNITY AQUA W 3.4,59,31.5
http://fraganciasoasis.com/images/088300105519.jpg,CK ETERNITY M 3.4,49,24.95
http://fraganciasoasis.com/images/088300139491.jpg,CK ETERNITY MOMENT W 3.4,55,26.5
http://fraganciasoasis.com/images/088300101405.jpg,CK ETERNITY W 3.4,55,27.95
http://fraganciasoasis.com/images/3607342309630.jpg,CK EUPH FORBIDDEN B CREAM W 6.,49,24.5
http://fraganciasoasis.com/images/031655729558.jpg,CK EUPHORIA LUX W 3.4 TESTER,49,23
http://fraganciasoasis.com/images/088300178278.jpg,CK EUPHORIA M 3.4,69,33.95
http://fraganciasoasis.com/images/088300162543.jpg,CK EUPHORIA W 1.7 EDP,69,29.99
http://fraganciasoasis.com/images/088300162505.jpg,CK EUPHORIA W 3.4 EDP,75,44.95
http://fraganciasoasis.com/images/3607342048621.jpg,CK EUPHORIA W 3.4 EDT,79,34.95
http://fraganciasoasis.com/images/3607342020849.jpg,CK FREE M 2.5 DEOD STICK,29,10
http://fraganciasoasis.com/images/3607342020887.jpg,CK FREE M 3.4,55,24.95
http://fraganciasoasis.com/images/088300196937.jpg,CK IN 2U M 5.0,59,25.75
http://fraganciasoasis.com/images/088300196807.jpg,CK IN 2U W 3.3,45,21.95
http://fraganciasoasis.com/images/031655644615.jpg,CK MAN 2.6 DEOD STICK,45,14.5
http://fraganciasoasis.com/images/031655644851.jpg,CK MAN 3.4,49,25.95
http://fraganciasoasis.com/images/088300106516.jpg,CK OBSESSION M 4.0,55,25.5
http://fraganciasoasis.com/images/088300150410.jpg,CK OBSESSION NIGHT W 3.4,75,43.75
http://fraganciasoasis.com/images/088300103409.jpg,CK OBSESSION W 3.4,49,26.5
http://fraganciasoasis.com/images/3607342772885.jpg,CK ONE RED M 3.4,49,19.75
http://fraganciasoasis.com/images/3607342372894.jpg,CK ONE SHOCK BODY LOTION W 5.0,55,29.5
http://fraganciasoasis.com/images/3607342328631.jpg,CK ONE SHOCK BODY SPRAY M,49,18.95
http://fraganciasoasis.com/images/3607342326880.jpg,CK ONE SHOCK M 2.6 DEOD STICK,45,17.5
http://fraganciasoasis.com/images/3607342401105.jpg,CK ONE SHOCK M 3.4,49,19.99
http://fraganciasoasis.com/images/3607342402102.jpg,CK ONE SHOCK W 3.4,39,18.95
http://fraganciasoasis.com/images/088300073603.jpg,CK TRUE M 1.7,39,16.75
http://fraganciasoasis.com/images/098691008719.jpg,CLAIBORNE SPORT M 3.4,39,16.75
http://fraganciasoasis.com/images/020714052959.jpg,CLINIQUE HAPPY  W 1.7,55,34.75
http://fraganciasoasis.com/images/020714156893.jpg,CLINIQUE HAPPY  W 3.4,75,46.75
http://fraganciasoasis.com/images/020714080310.jpg,CLINIQUE HAPPY M 3.4,75,43.95
http://fraganciasoasis.com/images/022548293652.jpg,COACH LOVE EAU BLUSH W 1.7,69,34.5
http://fraganciasoasis.com/images/022548230367.jpg,COACH POPPY W 3.4,89,49.75
http://fraganciasoasis.com/images/715387000092.jpg,COLORS M 3.4,25,9.5
http://fraganciasoasis.com/images/715387000023.jpg,COLORS W 3.3,25,8.5
http://fraganciasoasis.com/images/3414200655187.jpg,COOL WATER DEODORANT W 2.5,39,15.75
http://fraganciasoasis.com/images/3414202000565.jpg,COOL WATER M 2.5,39,15.95
http://fraganciasoasis.com/images/3414202011752.jpg,COOL WATER W 3.4,49,20.99
http://fraganciasoasis.com/images/425017732402.jpg,CUBA BLACK M 3.3,19,5.75
http://fraganciasoasis.com/images/5425017732129.jpg,CUBA BLUE M 1.17,9,3.5
http://fraganciasoasis.com/images/5425017732181.jpg,CUBA BROWN M 1.17,9,3.5
http://fraganciasoasis.com/images/425017736240.jpg,CUBA BROWN M 3.3,19,5.75
http://fraganciasoasis.com/images/5425017733621.jpg,CUBA CITY LAS VEGAS M 1.17,9,3.5
http://fraganciasoasis.com/images/5425017732389.jpg,CUBA GOLD M 3.3,12,5.75
http://fraganciasoasis.com/images/5425017736264.jpg,CUBA GREEN M 3.4,9,5.75
http://fraganciasoasis.com/images/5425017732174.jpg,CUBA GREN M 1.17,9,3.5
http://fraganciasoasis.com/images/5425017732167.jpg,CUBA GREY M 1.17,9,3.5
http://fraganciasoasis.com/images/5425017733607.jpg,CUBA HOLLYGOOD M 1.17,9,3.5
http://fraganciasoasis.com/images/425017731962.jpg,CUBA MAGNUM GOLD M 3.4,19,6.75
http://fraganciasoasis.com/images/5425017733614.jpg,CUBA NEW YORK M 1.17,9,3.5
http://fraganciasoasis.com/images/5425017732143.jpg,CUBA ORANGE 1.17,9,3.5
http://fraganciasoasis.com/images/425017736257.jpg,CUBA ORANGE M 3.4,19,5.75
http://fraganciasoasis.com/images/5425017732396.jpg,CUBA ORIGINAL M 3.3,12,5.75
http://fraganciasoasis.com/images/5425017732136.jpg,CUBA RED M 1.17,9,3.5
http://fraganciasoasis.com/images/425017734192.jpg,CUBA RED M 3.4,19,5.75
http://fraganciasoasis.com/images/5425017736356.jpg,CUBA WILD HEART M 1.17,9,3.5
http://fraganciasoasis.com/images/71934603449.jpg,CURIOUS BODY LOTION W 6.8,33,11.75
http://fraganciasoasis.com/images/719346590860.jpg,CURVE APPEAL M 2.5,45,16.5
http://fraganciasoasis.com/images/719346180726.jpg,CURVE BLACK M 4.2,49,23.5
http://fraganciasoasis.com/images/098691037603.jpg,CURVE CHILL M 4.2,39,13.95
http://fraganciasoasis.com/images/719346504911.jpg,CURVE CHILL W 3.4,39,13.75
http://fraganciasoasis.com/images/098691046223.jpg,CURVE CONNECT W 3.4,39,13.95
http://fraganciasoasis.com/images/098691026249.jpg,CURVE CRUSH M 4.2,42,18.95
http://fraganciasoasis.com/images/098691026201.jpg,CURVE CRUSH W 3.4,42,18.5
http://fraganciasoasis.com/images/098691040672.jpg,CURVE KICKS M 4.2,29,12.95
http://fraganciasoasis.com/images/098691040658.jpg,CURVE KICKS W 3.4,35,12.95
http://fraganciasoasis.com/images/719346134866.jpg,CURVE M 4.2,45,19.75
http://fraganciasoasis.com/images/098691005046.jpg,CURVE W 3.4,39,14.95
http://fraganciasoasis.com/images/098691035531.jpg,CURVE W 6.8,42,18.75
http://fraganciasoasis.com/images/098691030482.jpg,CURVE WAVE M 4.2,29,12.95
http://fraganciasoasis.com/images/098691030475.jpg,CURVE WAVE W 3.4,35,12.75
http://fraganciasoasis.com/images/737052783451.jpg,D & G INTENSO M 4.2,100,49.99
http://fraganciasoasis.com/images/737052079097.jpg,D & G LIGHT BLUE M 2.5,65,35.75
http://fraganciasoasis.com/images/737052079080.jpg,D & G LIGHT BLUE M 4.2,85,45.95
http://fraganciasoasis.com/images/737052074313.jpg,D & G LIGHT BLUE W 1.7,69,37.5
http://fraganciasoasis.com/images/737052074320.jpg,D & G LIGHT BLUE W 3.3,97,49.99
http://fraganciasoasis.com/images/737052074443.jpg,D & G M 2.5,62,34.75
http://fraganciasoasis.com/images/737052074450.jpg,D & G M 4.2,78,42.75
http://fraganciasoasis.com/images/737052598079.jpg,D & G POR FEMME 3.4,103,55.75
http://fraganciasoasis.com/images/737052036649.jpg,D & G THE ONE M 3.3,82,44.75
http://fraganciasoasis.com/images/737052672113.jpg,D & G THE ONE SPORT M 5.0,95,48.95
http://fraganciasoasis.com/images/737052020808.jpg,D & G THE ONE W 1.6,75,37.5
http://fraganciasoasis.com/images/737052551753.jpg,D&G LIGHT BLUE PORTOFINO W 1.7,65,43.75
http://fraganciasoasis.com/images/844061003439.jpg,DADDY YANKEE M 3.4,42,11.95
http://fraganciasoasis.com/images/3605520501517.jpg,DIESEL FUEL FOR LIFE M 2.6,79,47.95
http://fraganciasoasis.com/images/3605520501456.jpg,DIESEL FUEL LIFE W 2.5,85,53.95
http://fraganciasoasis.com/images/4085400273502.jpg,DIESEL GREEN W 2.5,35,13.5
http://fraganciasoasis.com/images/3605520680076.jpg,DIESEL ONLY THE BRAVE M 2.5,72,48.5
http://fraganciasoasis.com/images/4085400291001.jpg,DIESEL PLUS PLUS M 2.5,29.99,9.99
http://fraganciasoasis.com/images/4085400191509.jpg,DIESEL PLUS PLUS W 2.5,29.99,11.75
http://fraganciasoasis.com/images/098691045448.jpg,DIRTY ENGLISH M 3.4,45,21.5
http://fraganciasoasis.com/images/763511009824.jpg,DKNY BE DELICIOUS W 3.4,80,39.99
http://fraganciasoasis.com/images/763511100019.jpg,DKNY DONNA KARAN W 3.4,69,42.5
http://fraganciasoasis.com/images/022548237564.jpg,DKNY GOLDEN W 3.4,69,39.99
http://fraganciasoasis.com/images/022548167182.jpg,DKNY M 3.4,75,37.75
http://fraganciasoasis.com/images/022548292488.jpg,DKNY MY NY W 1.7,69,34.75
http://fraganciasoasis.com/images/022548133514.jpg,DKNY RED DELICIOUS W 3.4,69,45.95
http://fraganciasoasis.com/images/5466082.jpg,DONNA KARAN BODY LOTION W 3.4,25,9.5
http://fraganciasoasis.com/images/3360372009436.jpg,DRAKKAR M 3.4,49,25.95
http://fraganciasoasis.com/images/844061004474.jpg,DY AMANTE W 3.4,39,16.95
http://fraganciasoasis.com/images/3414200800792.jpg,ECHO M 3.4,49,24.5
http://fraganciasoasis.com/images/6924574571275.jpg,ECSTASY BLACK W 3.4,25,8.75
http://fraganciasoasis.com/images/6924574571268.jpg,ECSTASY YELLOW  W 3.4,25,8.75
http://fraganciasoasis.com/images/094922191120.jpg,ED HARDY BORN WILD M 3.4,49,18.95
http://fraganciasoasis.com/images/094922912176.jpg,ED HARDY LOVE & LUCK M 3.4,49,25.75
http://fraganciasoasis.com/images/094922912282.jpg,ED HARDY LOVE & LUCK W 3.4,49,21.75
http://fraganciasoasis.com/images/094922794642.jpg,ED HARDY M 3.4,49,18.75
http://fraganciasoasis.com/images/094922194114.jpg,ED HARDY VILLAIN M 4.2,45,19.99
http://fraganciasoasis.com/images/094922794536.jpg,ED HARDY W 3.4,49,25.75
http://fraganciasoasis.com/images/094922190123.jpg,ED HEARTS & DAGGERS M 3.4,45,21.95
http://fraganciasoasis.com/images/094922190017.jpg,ED HEARTS & DAGGERS W 3.4,49,23.99
http://fraganciasoasis.com/images/3360372061830.jpg,EMPORIO ARMANI M 3.4,89,49.99
http://fraganciasoasis.com/images/3360372061809.jpg,EMPORIO ARMANI W 3.4,89,55.75
http://fraganciasoasis.com/images/3605520381096.jpg,EMPORIO DIAMONDS M 2.5,85,49.99
http://fraganciasoasis.com/images/046447915002.jpg,ENGLISH LEATHER M 8.0,49,18.95
http://fraganciasoasis.com/images/3607343523202.jpg,ENRIQUE IGLES ADRENALINE M 3.4,49,18.95
http://fraganciasoasis.com/images/737052685038.jpg,ESCADA ESPEC ELIXIR W TESTER,55,23
http://fraganciasoasis.com/images/737052507545.jpg,ESCADA ISLAND KISS W 3.3,65,34.95
http://fraganciasoasis.com/images/3393670000027.jpg,ESCADA MAGNETISM W 2.5,65,34.99
http://fraganciasoasis.com/images/737052508061.jpg,ESCADA ROCKIN RIO W 3.3,69,34.95
http://fraganciasoasis.com/images/737052507811.jpg,ESCADA SEXY GRAFFITI W 3.4,69,34.95
http://fraganciasoasis.com/images/737052731520.jpg,ESCADA TAJ SUNSET W 3.3,89,44.95
http://fraganciasoasis.com/images/3607342309753.jpg,EUPHORIA FORBIDDEN  W 3.4,69,43.75
http://fraganciasoasis.com/images/844061006317.jpg,EVA AMOUR BY EVA LONGORIA W 3.,35,13.95
http://fraganciasoasis.com/images/844061004900.jpg,EVA LONGORIA W 3.4,39,13.95
http://fraganciasoasis.com/images/031655095004.jpg,EXCLAMATION W 1.7,12,5.99
http://fraganciasoasis.com/images/8718657762142.jpg,F B I 12 M 3.4,29,6.99
http://fraganciasoasis.com/images/3348900012219.jpg,FAHRENHEIT M 3.4,91,49.99
http://fraganciasoasis.com/images/3348900147324.jpg,FAHRENHEIT M 6.8,120,69.99
http://fraganciasoasis.com/images/608940542255.jpg,FANCY NIGHTS W 3.4,49,18.95
http://fraganciasoasis.com/images/3610400002114.jpg,FASHION LADY W 3.3,29,10.75
http://fraganciasoasis.com/images/870283005814.jpg,FCUK 3 M 3.4,33,12.5
http://fraganciasoasis.com/images/870283005807.jpg,FCUK 3 W 3.4,33,12.75
http://fraganciasoasis.com/images/870283001021.jpg,FCUK W 3.4,49,16.75
http://fraganciasoasis.com/images/8002135105607.jpg,FERRARI BLACK M 4.2,45,21.5
http://fraganciasoasis.com/images/8002135105652.jpg,FERRARI RACING RED M 4.2,45,21.5
http://fraganciasoasis.com/images/8002135046412.jpg,FERRARI RED M 4.2,45,19.5
http://fraganciasoasis.com/images/8002135111882.jpg,FERRARI SCUDERIA EXTREME M 2.5,49,21.75
http://fraganciasoasis.com/images/8002135111158.jpg,FERRARI SCUDERIA M 4.2,49,19.95
http://fraganciasoasis.com/images/5907699487233.jpg,FLEURS SENSUELLES W 3.4,25,7.5
http://fraganciasoasis.com/images/3442151008943.jpg,FORBIDDEN LOVE W 3.3,45,14.5
http://fraganciasoasis.com/images/827669027038.jpg,FORD MUSTANG M 3.4,45,18.95
http://fraganciasoasis.com/images/827669027052.jpg,FORD MUSTANG SPORT M 3.4,45,14.75
http://fraganciasoasis.com/images/719346013444.jpg,FOREVER ELIZABETH W 3.3,45,15.5
http://fraganciasoasis.com/images/837015000455.jpg,FRED H BEVERLY HILLS M 2.5,39,13.5
http://fraganciasoasis.com/images/3274870352362.jpg,GIV VERY IRRESISTIBLE W 2.5,74,42.95
http://fraganciasoasis.com/images/3274878122554.jpg,GIVENCHY AMARIGE W 1.7,59,35.75
http://fraganciasoasis.com/images/3274870252266.jpg,GIVENCHY EXTRAVAGANCE W 3.3,69,37.95
http://fraganciasoasis.com/images/3274871935861.jpg,GIVENCHY GENTLEMAN M 3.4,69,37.95
http://fraganciasoasis.com/images/3274870152566.jpg,GIVENCHY INSENSE ULTRAM M 3.3,69,35.95
http://fraganciasoasis.com/images/3274878212361.jpg,GIVENCHY ORGANZA W 3.4,98,53.95
http://fraganciasoasis.com/images/3274878222568.jpg,GIVENCHY PI M 3.3,69,39.99
http://fraganciasoasis.com/images/3274870222368.jpg,GIVENCHY PI NEO M 3.4,69,38.5
http://fraganciasoasis.com/images/3274870010323.jpg,GIVENCHY PLAY INTENSE W 2.5,69,39.95
http://fraganciasoasis.com/images/3274870010378.jpg,GIVENCHY PLAY M 3.3,75,44.75
http://fraganciasoasis.com/images/3274870303166.jpg,GIVENCHY POUR HOMME 3.3,69,35.95
http://fraganciasoasis.com/images/3357554720012.jpg,GLORIA VANDELBILT W 3.3,27,8.95
http://fraganciasoasis.com/images/5465530.jpg,GOLD SUGAR W 3.4 TESTER,35,12.5
http://fraganciasoasis.com/images/085805517526.jpg,GREEN TEA LAVENDER W 3.3,39,13.5
http://fraganciasoasis.com/images/085805268848.jpg,GREEN TEA W 3.3,35,14.75
http://fraganciasoasis.com/images/737052230856.jpg,GUCCI BY FLORA W 2.5,89,43.75
http://fraganciasoasis.com/images/737052189857.jpg,GUCCI BY GUCCI M 3.0,76,42.75
http://fraganciasoasis.com/images/737052165721.jpg,GUCCI BY GUCCI W 2.5,85,42.75
http://fraganciasoasis.com/images/766124019402.jpg,GUCCI ENVY ME W 3.4,90,47.95
http://fraganciasoasis.com/images/737052626383.jpg,GUCCI GUILTY BLACK M 3.0,85,43.75
http://fraganciasoasis.com/images/766124033507.jpg,GUCCI RUSH W 2.5,89,49.99
http://fraganciasoasis.com/images/3346470259775.jpg,GUERLA SHALIMAR W 2.5 EDC,80,39.95
http://fraganciasoasis.com/images/3346470303188.jpg,GUERLAIN VETIVER M 3.4,65,39.75
http://fraganciasoasis.com/images/3346470113930.jpg,GUERLAN SHALIMAR INITIAL W 3.4,98,53.5
http://fraganciasoasis.com/images/3607341792471.jpg,GUESS BY MARCIANO W 3.4,49,16.95
http://fraganciasoasis.com/images/3607347879367.jpg,GUESS DARE W 3.4,49,19.99
http://fraganciasoasis.com/images/3607348879014.jpg,GUESS GIRL BELLE W 3.4,45,17.75
http://fraganciasoasis.com/images/3607346254738.jpg,GUESS GIRL W 3.4,45,18.95
http://fraganciasoasis.com/images/3607341792198.jpg,GUESS M 2.5,39,14.99
http://fraganciasoasis.com/images/3607341792617.jpg,GUESS MARCIANO M 3.4,45,17.95
http://fraganciasoasis.com/images/3607340422539.jpg,GUESS SEDUCTIVE IM YOURS W 2.5,49,19.99
http://fraganciasoasis.com/images/3607341795724.jpg,GUESS SEDUCTIVE W 2.5,49,19.95
http://fraganciasoasis.com/images/3607341792068.jpg,GUESS W 2.5,39,15.99
http://fraganciasoasis.com/images/8431754472010.jpg,HALLOWEEN BLUE DROP W 3.4,49,28.95
http://fraganciasoasis.com/images/8431754442013.jpg,HALLOWEEN FEVER  W 3.4,49,22.75
http://fraganciasoasis.com/images/8431754342184.jpg,HALLOWEEN FREESIA W 3.4,52,21.95
http://fraganciasoasis.com/images/8431754347011.jpg,HALLOWEEN KISS W 3.4,45,18.75
http://fraganciasoasis.com/images/8431754002019.jpg,HALLOWEEN M 4.2 TESTER,45,18.95
http://fraganciasoasis.com/images/8431754462516.jpg,HALLOWEEN MAN 4.2,49,24.99
http://fraganciasoasis.com/images/8431754342191.jpg,HALLOWEEN SUN W 3.4,49.99,19.5
http://fraganciasoasis.com/images/5466394.jpg,HALLOWEEN TATTOO L EDIT M 4.2,59,24.95
http://fraganciasoasis.com/images/8431754342016.jpg,HALLOWEEN W 3.4,48,25.75
http://fraganciasoasis.com/images/8431754342177.jpg,HALLOWEEN WATER LILLY W 3.4,49,20.75
http://fraganciasoasis.com/images/5906735232349.jpg,HAVE FUN W 3.0,29,7.95
http://fraganciasoasis.com/images/067724200017.jpg,HEI M 3.4,45,14.95
http://fraganciasoasis.com/images/8411061081600.jpg,HERRERA M 3.4,85,41.75
http://fraganciasoasis.com/images/3365440591516.jpg,HOMBRE LIBRE M 3.3,85,51.5
http://fraganciasoasis.com/images/737052351100.jpg,HUGO BOSS 6 M 3.4,69,38.5
http://fraganciasoasis.com/images/737052031415.jpg,HUGO DARK BLUE M 2.5,55,24.75
http://fraganciasoasis.com/images/737052683553.jpg,HUGO DEEP RED W 3.0,65,32.5
http://fraganciasoasis.com/images/737052130705.jpg,HUGO XX W 2.0,49,28.95
http://fraganciasoasis.com/images/737052130729.jpg,HUGO XX W 3.4,65,33.75
http://fraganciasoasis.com/images/737052130934.jpg,HUGO XY M 3.4,65,33.75
http://fraganciasoasis.com/images/856515004053.jpg,HUMMER BLACK M 4.2,49,17.75
http://fraganciasoasis.com/images/067724187011.jpg,HUMMER H2 M 4.2,42,15.75
http://fraganciasoasis.com/images/067724185017.jpg,HUMMER M 4.2,45,15.75
http://fraganciasoasis.com/images/3147758235500.jpg,HYPNOSE W 2.5,98,57.75
http://fraganciasoasis.com/images/779663550473.jpg,I SWEET LOVE W 3.3,9,1.99
http://fraganciasoasis.com/images/6924574571206.jpg,IDOLE BLUE M 3.4,25,8.75
http://fraganciasoasis.com/images/6924574571190.jpg,IDOLE SKY BLUE M 3.4,25,8.75
http://fraganciasoasis.com/images/688575006346.jpg,IMAGE M 3.4,45,17.95
http://fraganciasoasis.com/images/3700134405548.jpg,INNER FORCE M 3.4,37,13.75
http://fraganciasoasis.com/images/3423474877157.jpg,ISSEY M NUIT AUSTRAL EXP N 2.5,85,36.75
http://fraganciasoasis.com/images/3423470485196.jpg,ISSEY MIY BLUE FRAICH M 4.2,79,38.5
http://fraganciasoasis.com/images/3423470486018.jpg,ISSEY MIYAKE INTENSE M 4.2,65,34.75
http://fraganciasoasis.com/images/3423470311358.jpg,ISSEY MIYAKE M 2.5,65,32.99
http://fraganciasoasis.com/images/3423474874750.jpg,ISSEY MIYAKE NUIT M 4.2,87,49.99
http://fraganciasoasis.com/images/3423474867158.jpg,ISSEY MIYAKE SPORT M 3.3,69,35.5
http://fraganciasoasis.com/images/3423470300154.jpg,ISSEY MIYAKE W 1.6,75,36.95
http://fraganciasoasis.com/images/3423470300161.jpg,ISSEY MIYAKE W 3.3,85,45.95
http://fraganciasoasis.com/images/3423473947257.jpg,ISSEY PLEATS PLEASE W 3.3,69,39.99
http://fraganciasoasis.com/images/3607349614751.jpg,J.LO BLUE GLOW W 3.4,49,19.99
http://fraganciasoasis.com/images/3414200144025.jpg,J.LO GLOW AFTER DARK W 3.4,49,18.95
http://fraganciasoasis.com/images/3607349615284.jpg,J.LO GLOW SUNKISSED W 3.4,45,18.5
http://fraganciasoasis.com/images/3607349614904.jpg,J.LO L.A. GLOW W 3.4,45,18.75
http://fraganciasoasis.com/images/3414200123020.jpg,J.LO LIVE LUXE W 3.4,45,17.99
http://fraganciasoasis.com/images/3414200122023.jpg,J.LO LIVE W 3.4,45,17.99
http://fraganciasoasis.com/images/3414200663038.jpg,J.LO MY GLOW W 3.4,49,19.95
http://fraganciasoasis.com/images/3414200150026.jpg,J.LO STILL W 3.4,45,17.99
http://fraganciasoasis.com/images/3392865071170.jpg,JACOMO M 3.4,55,22.75
http://fraganciasoasis.com/images/3348900417878.jpg,JADORE W 3.4,115,69.5
http://fraganciasoasis.com/images/3562700373084.jpg,JAGUAR CLASSIC M 3.4,39,14.75
http://fraganciasoasis.com/images/3562700393082.jpg,JAGUAR PERFORMANCE M 3.4,45,14.5
http://fraganciasoasis.com/images/3577580603046.jpg,JAIPUR EDT M 1.7,64,40.95
http://fraganciasoasis.com/images/3386460036528.jpg,JAIPUR M 3.4,69,38.5
http://fraganciasoasis.com/images/737052581309.jpg,JAMES BOND 007 M 2.5,65,29.75
http://fraganciasoasis.com/images/718979479702.jpg,JESSICA MC CLINTOCK W 3.3,69,21.75
http://fraganciasoasis.com/images/608940540060.jpg,JESSICA S. FANCY LOVE W 3.4,49,19.99
http://fraganciasoasis.com/images/608940535387.jpg,JESSICA SIMPSON FANCY W 3.4,45,21.5
http://fraganciasoasis.com/images/3442151008660.jpg,JOLI REVE W 3.3,45,14.75
http://fraganciasoasis.com/images/3414206000592.jpg,JOOP M 2.5,49,22.95
http://fraganciasoasis.com/images/603531655017.jpg,JORDAN M 3.4,35,14.95
http://fraganciasoasis.com/images/035017008923.jpg,JOVAN MUSK W 3.25,25,8.95
http://fraganciasoasis.com/images/3423470860023.jpg,JPG GAULTIER 2 M 4.2,85,47.95
http://fraganciasoasis.com/images/3423470317527.jpg,JPG M 2.5,68,36.95
http://fraganciasoasis.com/images/3423470317534.jpg,JPG M 4.2,80,43.75
http://fraganciasoasis.com/images/3423470473001.jpg,JPG MADAME W 1.6,69,42.75
http://fraganciasoasis.com/images/3423474773558.jpg,JPG SUMMER M 4.2,75,27.5
http://fraganciasoasis.com/images/3423470477009.jpg,JPG TERRIBLE M 4.2,69,39.5
http://fraganciasoasis.com/images/3423470317152.jpg,JPG W 1.6,69,39.95
http://fraganciasoasis.com/images/3423470317169.jpg,JPG W 3.3,89,48.95
http://fraganciasoasis.com/images/719346158657.jpg,JUICE COUTURE LA LA W 3.4,79,27.5
http://fraganciasoasis.com/images/5466385.jpg,JUICE GOLD COUTURE W 3.4,98,49.95
http://fraganciasoasis.com/images/5466386.jpg,JUICE I AM JUICE COUTURE W 3.4,98,49.95
http://fraganciasoasis.com/images/852539003966.jpg,JUSTIN BIEBER GIRLFRIEND W 1.7,35,12.75
http://fraganciasoasis.com/images/852539003959.jpg,JUSTIN BIEBER GIRLFRIEND W 3.4,45,20.95
http://fraganciasoasis.com/images/852539003010.jpg,JUSTIN BIEBER SOMEDAY W 1.7,35,12.75
http://fraganciasoasis.com/images/852539003027.jpg,JUSTIN BIEBER SOMEDAY W 3.4,45,18.99
http://fraganciasoasis.com/images/719346176194.jpg,JUSTIN BIEBER THE KEY W 3.4,49,20.99
http://fraganciasoasis.com/images/031655471709.jpg,K. COLE BLACK W 3.4,49,25.75
http://fraganciasoasis.com/images/608940553930.jpg,K. COLE VINTAGE BLACK W 3.4,55,28.75
http://fraganciasoasis.com/images/3607348816552.jpg,KATY PERRY KILLER QUEEN W 3.4,45,16.95
http://fraganciasoasis.com/images/3607343191005.jpg,KATY PERRY MEOW W 3.4,39,16.5
http://fraganciasoasis.com/images/3607349312459.jpg,KATY PERRY PURR W 3.4,39,15.95
http://fraganciasoasis.com/images/815985010018.jpg,KATY PERRY PURR W 6.0,55,28.95
http://fraganciasoasis.com/images/3607349843076.jpg,KATY PERRY ROYAL REVOLUT W 3.4,49,17.95
http://fraganciasoasis.com/images/3352818518855.jpg,KENZO FLOWER W 3.4 EDT,65,42.95
http://fraganciasoasis.com/images/5907699486953.jpg,KIDS CARS M 3.3,19,6.75
http://fraganciasoasis.com/images/655901005090.jpg,KIDS DAISY DUCK W 3.4,19,7.5
http://fraganciasoasis.com/images/647393460013.jpg,KIDS DORA ADORABLE W 3.3,19,6.99
http://fraganciasoasis.com/images/647393751005.jpg,KIDS DORA BOOTS W 3.4,19,6.99
http://fraganciasoasis.com/images/647393260019.jpg,KIDS DORA STARRY NIGHT W 3.4,19,6.75
http://fraganciasoasis.com/images/DORA.jpg,KIDS DORA W 3.4,19,6.75
http://fraganciasoasis.com/images/832208005996.jpg,KIDS HANNAH MONTANA W 1.7,19,5.75
http://fraganciasoasis.com/images/5907699487547.jpg,KIDS MINNIE MOUSE W 1.7,12,5.99
http://fraganciasoasis.com/images/647393955991.jpg,KIDS SET JUSTICE LEAGUE M 4PCS,29,12.75
http://fraganciasoasis.com/images/647393577773.jpg,KIDS SHREK 3 M 2.5,15,6.99
http://fraganciasoasis.com/images/647393578886.jpg,KIDS SHREK 3 W 2.5,15,6.99
http://fraganciasoasis.com/images/647393361105.jpg,KIDS SIMPSONS BOYS M 3.4,19,7.75
http://fraganciasoasis.com/images/647393361204.jpg,KIDS SIMPSONS GIRLS W 3.4,19,7.75
http://fraganciasoasis.com/images/5907699486946.jpg,KIDS SPIDERMAN M 3.4,19,6.95
http://fraganciasoasis.com/images/647393722005.jpg,KIDS SPONGEBOB M 3.4,19,6.99
http://fraganciasoasis.com/images/647393724009.jpg,KIDS SPONGEBOB W 3.4,19,6.99
http://fraganciasoasis.com/images/647393773014.jpg,KIDS STRAWBERRY SHORTCAKE W 3.,19,6.99
http://fraganciasoasis.com/images/647393955205.jpg,KIDS SUPERMAN M 3.4,19,6.99
http://fraganciasoasis.com/images/3605533286074.jpg,LA VIE EST BELLE W 3.4,100,74.99
http://fraganciasoasis.com/images/737052413204.jpg,LACOSTE BLEU M 3.3,69,39.99
http://fraganciasoasis.com/images/3355800001779.jpg,LACOSTE BOOSTER M 2.5,65,36.5
http://fraganciasoasis.com/images/737052949178.jpg,LACOSTE FEMME W 1.7,59,35.75
http://fraganciasoasis.com/images/737052949215.jpg,LACOSTE FEMME W 3.0,89,41.5
http://fraganciasoasis.com/images/737052892412.jpg,LACOSTE HOMME M 3.3,69,34.95
http://fraganciasoasis.com/images/737052780382.jpg,LACOSTE LIVE M 3.4,79,34.95
http://fraganciasoasis.com/images/737052662664.jpg,LACOSTE NOIR M 3.3,69,33.5
http://fraganciasoasis.com/images/737052074757.jpg,LACOSTE RED M 2.5,59,23.99
http://fraganciasoasis.com/images/737052517667.jpg,LACOSTE ROUGE M 3.3,69,34.5
http://fraganciasoasis.com/images/737052185637.jpg,LACOSTE TOUCH PINK W 1.6,55,29.75
http://fraganciasoasis.com/images/3607342539914.jpg,LADY GAGA W 3.4,39,16.5
http://fraganciasoasis.com/images/3386460058391.jpg,LAGERFELD M 3.3 NEW SIZE,39,19.99
http://fraganciasoasis.com/images/688575003260.jpg,LAGERFELD M 4.2,49,22.5
http://fraganciasoasis.com/images/3355992000260.jpg,LAPIDUS M 3.3,39,14.5
http://fraganciasoasis.com/images/3595200111139.jpg,LOLITA LEMPICKA DESIR W TESTER,45,16
http://fraganciasoasis.com/images/3595200113744.jpg,LOLITA LEMPICKA M 3.4,49,24.95
http://fraganciasoasis.com/images/3595200571032.jpg,LOLITA LEMPICKA SI W EDP 2.7,59,29.99
http://fraganciasoasis.com/images/3595200113454.jpg,LOLITA LEMPICKA SI W EDT 2.7,55,26.5
http://fraganciasoasis.com/images/3595200113768.jpg,LOLITA LEMPICKA W 3.4,65,29.99
http://fraganciasoasis.com/images/719346152662.jpg,LOLLIPOP BLING MINE AGAIN W 3.,39,15.75
http://fraganciasoasis.com/images/3610400002435.jpg,LOMANI BLUE SKY M 3.3,29,9.99
http://fraganciasoasis.com/images/3610400002411.jpg,LOMANI INTENSE BLACK M 3.3,29,9.99
http://fraganciasoasis.com/images/3610400034290.jpg,LOMANI WHITE INTENSE M 3.3,25,7.95
http://fraganciasoasis.com/images/5906735232257.jpg,LOVE DANCE W 3.0,27,7.5
http://fraganciasoasis.com/images/3414200161022.jpg,LOVELY SARA JESSICA P. W 3.4,45,18.95
http://fraganciasoasis.com/images/719346121576.jpg,M LUSCIOUS PINK W 3.3,59,21.95
http://fraganciasoasis.com/images/719346107808.jpg,M MARIAH CAREY W 3.3,55,21.5
http://fraganciasoasis.com/images/3137370309369.jpg,MADEMOISELLE RICCI W 1.7,55,28.5
http://fraganciasoasis.com/images/098691018251.jpg,MAMBO M 3.4,39.99,11.95
http://fraganciasoasis.com/images/098691018367.jpg,MAMBO W 3.4,33.99,12.75
http://fraganciasoasis.com/images/3516640524846.jpg,MAN ATTITUDE M 3.4,29,11.5
http://fraganciasoasis.com/images/608940546246.jpg,MARC ECKO BLUE M 3.4,49,19.99
http://fraganciasoasis.com/images/608940540800.jpg,MARC ECKO M 3.4,45,14.75
http://fraganciasoasis.com/images/608940549414.jpg,MARC ECKO ORANGE M 3.4,39,12.5
http://fraganciasoasis.com/images/3607349751500.jpg,MARC J DAISY HOT PINK W 1.7,69,44.75
http://fraganciasoasis.com/images/3607349826178.jpg,MARC JACOB DAISY DELIGHT W 1.7,69,44.75
http://fraganciasoasis.com/images/3607349764241.jpg,MARC JACOBS DAISY DREAM W 3.4,94,57.75
http://fraganciasoasis.com/images/031655513034.jpg,MARC JACOBS DAISY W 3.4,79,46.75
http://fraganciasoasis.com/images/3607342522619.jpg,MARC JACOBS DOT W 1.7,59,36.75
http://fraganciasoasis.com/images/3607342522732.jpg,MARC JACOBS DOT W 3.4,95,45.75
http://fraganciasoasis.com/images/3607349389062.jpg,MARC JACOBS HONEY W 3.4,89,47.5
http://fraganciasoasis.com/images/3607342044678.jpg,MARC JACOBS LOLA W 1.7,69,43.95
http://fraganciasoasis.com/images/3607342335646.jpg,MARC JACOBS OH LOLA W 3.4,85,48.95
http://fraganciasoasis.com/images/719346131148.jpg,MARIAH CAREY FOREVER W 3.3,45,20.5
http://fraganciasoasis.com/images/085805063665.jpg,MEDITERRANEAN W 3.3,45,18.95
http://fraganciasoasis.com/images/3595471021021.jpg,MERCEDES BENZ M 2.5,65,38.75
http://fraganciasoasis.com/images/3348901016285.jpg,MISS DIOR W 3.3,120,69.99
http://fraganciasoasis.com/images/3700134406033.jpg,MISS GEN W 2.8,39,15.75
http://fraganciasoasis.com/images/3610400001193.jpg,MISS LOMANI W 3.3,29,11.95
http://fraganciasoasis.com/images/8011003064106.jpg,MOCHINO UOMO M 4.2,55,23.75
http://fraganciasoasis.com/images/3386460055444.jpg,MONT BLANC LEGEND INTENSE M 3.,75,32.75
http://fraganciasoasis.com/images/3386460032681.jpg,MONT BLANC LEGEND M 3.3,75,32.75
http://fraganciasoasis.com/images/8718657762265.jpg,MY APPLE 10 W 3.4,29,6.99
http://fraganciasoasis.com/images/3423478918665.jpg,NARCISO R LEAU W 3.3 TESTER,45,16
http://fraganciasoasis.com/images/688575005035.jpg,NARCISSE CHLOE W 3.3,55,24.95
http://fraganciasoasis.com/images/3607346500170.jpg,NAUTICA AQUA RUSH GOLD M 3.4,35,14.75
http://fraganciasoasis.com/images/3607346197233.jpg,NAUTICA AQUA RUSH M 3.3,39,12.95
http://fraganciasoasis.com/images/3412242508027.jpg,NAUTICA BLUE M 3.4,25,7.99
http://fraganciasoasis.com/images/031655576350.jpg,NAUTICA ISLAND VOYAGE M 3.4,49,14.75
http://fraganciasoasis.com/images/3607343195508.jpg,NAUTICA LIFE M 3.4,45,12.99
http://fraganciasoasis.com/images/3607340428791.jpg,NAUTICA PURE DISCOVERY M 3.4,35,12.75
http://fraganciasoasis.com/images/3607344629101.jpg,NAUTICA PURE M 3.4,45,12.99
http://fraganciasoasis.com/images/031655531908.jpg,NAUTICA VOYAGE M 3.4,35,11.99
http://fraganciasoasis.com/images/3607348938230.jpg,NAUTICA VOYAGE N83 M 3.4,39,13.75
http://fraganciasoasis.com/images/663350051520.jpg,NBA KNICKS M 3.4,33,11.75
http://fraganciasoasis.com/images/719346165631.jpg,NICKI MINAJ PINK FRIDAY W 3.4,49,21.95
http://fraganciasoasis.com/images/3605970020941.jpg,NOTORIOUS W 2.5,79,56.95
http://fraganciasoasis.com/images/012044010693.jpg,OLD SPICE AFTER SHAVE M 4.25,25,6.75
http://fraganciasoasis.com/images/5060152402744.jpg,ONE DIRECT THAT MOMENT W 3.4,59,19.99
http://fraganciasoasis.com/images/5060152401839.jpg,ONE DIRECTION OUR MOMENT W 3.4,49,20.75
http://fraganciasoasis.com/images/3355991000230.jpg,ONE MAN SHOW 3.3,33,11.75
http://fraganciasoasis.com/images/3442151008394.jpg,ONLY ME PASSION W 3.3,33,14.75
http://fraganciasoasis.com/images/3365440556386.jpg,OPIUM W 3.0,98,58.95
http://fraganciasoasis.com/images/3252559804227.jpg,OSCAR FOR MEN 3.4,45,16.5
http://fraganciasoasis.com/images/3349668520749.jpg,PACO I MILLION INTENSE M 3.4,84,48.75
http://fraganciasoasis.com/images/3349666007921.jpg,PACO I MILLION M 3.4,79,48.95
http://fraganciasoasis.com/images/3349668515677.jpg,PACO INVICTUS M 3.4 TESTER,59,39
http://fraganciasoasis.com/images/3349668508587.jpg,PACO LADY MILLION W 2.7,93,54.95
http://fraganciasoasis.com/images/3349668528677.jpg,PACO OLIMPEA W 2.7,99,59.95
http://fraganciasoasis.com/images/3349668515660.jpg,PACO RABANNE INVICTUS M 3.4,84,49.95
http://fraganciasoasis.com/images/3349668524969.jpg,PACO RABANNE INVICTUS M 5.1,98,63.75
http://fraganciasoasis.com/images/3349668021345.jpg,PACO RABANNE M 3.4,55,32.75
http://fraganciasoasis.com/images/3349668081318.jpg,PACO RABANNE REGULAR M 3.4,55,27.75
http://fraganciasoasis.com/images/3349668111343.jpg,PACO XS M 3.4,65,32.95
http://fraganciasoasis.com/images/067724305118.jpg,PARADISE SUNG M 3.4,35,12.75
http://fraganciasoasis.com/images/608940533369.jpg,PARIS H CAN CAN W 3.4,49,18.5
http://fraganciasoasis.com/images/608940526118.jpg,PARIS H HEIR M 3.4,39,13.5
http://fraganciasoasis.com/images/608940525753.jpg,PARIS H HEIRESS W 3.4,49,18.75
http://fraganciasoasis.com/images/608940521700.jpg,PARIS H JUST ME M 3.4,39,17.95
http://fraganciasoasis.com/images/608940521601.jpg,PARIS H JUST ME W 3.4,45,17.5
http://fraganciasoasis.com/images/608940546086.jpg,PARIS H PASS SOUTH BEACH W 3.4,39,8.99
http://fraganciasoasis.com/images/608940548332.jpg,PARIS H PASS ST MORITZ W 3.4,29,8.5
http://fraganciasoasis.com/images/608940546062.jpg,PARIS H PASS TOKYO W 3.4,39,9.95
http://fraganciasoasis.com/images/608940540251.jpg,PARIS H SIREN W 3.4,39,13.99
http://fraganciasoasis.com/images/608940550144.jpg,PARIS HILTON DAZZLE W 4.2,49,19.99
http://fraganciasoasis.com/images/608940519769.jpg,PARIS HILTON M 3.4,49,17.75
http://fraganciasoasis.com/images/608940542309.jpg,PARIS HILTON TEASE W 3.4,39,13.99
http://fraganciasoasis.com/images/608940557853.jpg,PARIS HILTON WITH LOVE W 3.4,55,20.95
http://fraganciasoasis.com/images/719346125536.jpg,PASSION M 4.0,35,13.75
http://fraganciasoasis.com/images/719346010115.jpg,PASSION W 2.5,45,17.95
http://fraganciasoasis.com/images/719346135733.jpg,PEACE & LOVE W 3.4,59,29.99
http://fraganciasoasis.com/images/847161064201.jpg,PERFUME NICOLE LEE 2PCS,45.99,17.99
http://fraganciasoasis.com/images/847161064218.jpg,PERFUME NICOLE LEE SET 4PCS,58.99,23.99
http://fraganciasoasis.com/images/844061004320.jpg,PERRY ELLIS 18 INTENSE M 3.4,39,16.75
http://fraganciasoasis.com/images/844061001176.jpg,PERRY ELLIS 18 M 3.4,49,20.95
http://fraganciasoasis.com/images/844061004139.jpg,PERRY ELLIS 18 SENSUAL W 3.4,49,20.5
http://fraganciasoasis.com/images/844061004764.jpg,PERRY ELLIS AMERICA M 5.1,45,18.5
http://fraganciasoasis.com/images/844061004757.jpg,PERRY ELLIS AMERICA W 5.0,49,19.95
http://fraganciasoasis.com/images/844061006911.jpg,PERRY ELLIS AQUA M 3.4,49,21.5
http://fraganciasoasis.com/images/844061000766.jpg,PERRY ELLIS M 3.4,49,17.95
http://fraganciasoasis.com/images/844061001466.jpg,PERRY ELLIS NEW M 3.4,49,18.5
http://fraganciasoasis.com/images/844061005112.jpg,PERRY ELLIS NIGHT M 3.3,45,21.75
http://fraganciasoasis.com/images/844061004146.jpg,PERRY ELLIS PLATINUM M 3.4,45,15.5
http://fraganciasoasis.com/images/844061000636.jpg,PERRY ELLIS RESERVE M 3.4,49,17.95
http://fraganciasoasis.com/images/844061000650.jpg,PERRY ELLIS RESERVE W 3.4,42,17.5
http://fraganciasoasis.com/images/844061008236.jpg,PERRY ELLIS SPIRITED M 3.4,49,22.7
http://fraganciasoasis.com/images/844061000742.jpg,PERRY HER BLACK W 3.4,45,18.95
http://fraganciasoasis.com/images/844061000728.jpg,PERRY MAN 3.4,49,18.95
http://fraganciasoasis.com/images/844061000704.jpg,PERRY WOMAN 3.4,39,17.95
http://fraganciasoasis.com/images/783381025298.jpg,PHEROMONE W 3.4,69,39
http://fraganciasoasis.com/images/603531175065.jpg,PIERRE CARDIN M 2.8,39,16.75
http://fraganciasoasis.com/images/3700134406989.jpg,PINK SENSA W 3.4,33,12.75
http://fraganciasoasis.com/images/8033866164335.jpg,PINK SUGAR W 3.4,39,17.5
http://fraganciasoasis.com/images/3700134405500.jpg,PINK W 3.4,29,10.95
http://fraganciasoasis.com/images/679602210829.jpg,PINO SILVESTRE M 2.5,33,11.75
http://fraganciasoasis.com/images/027131043317.jpg,PLEASURES W 3.4,95,59.75
http://fraganciasoasis.com/images/3605975054040.jpg,POLO BIG PONY 1 M 2.5,65,35.5
http://fraganciasoasis.com/images/3605975062496.jpg,POLO BIG PONY 1 W 3.4,89,53.95
http://fraganciasoasis.com/images/3605975054057.jpg,POLO BIG PONY 2 M 2.5,59,33.75
http://fraganciasoasis.com/images/3605975062502.jpg,POLO BIG PONY 2 W 3.4,89,52.99
http://fraganciasoasis.com/images/3605975054064.jpg,POLO BIG PONY 3 M 2.5,59,32.5
http://fraganciasoasis.com/images/3605975071863.jpg,POLO BIG PONY 3 W 1.7,65,33.75
http://fraganciasoasis.com/images/3605975071870.jpg,POLO BIG PONY 3 W 3.4,89,49.99
http://fraganciasoasis.com/images/3605975071962.jpg,POLO BIG PONY 4 W 3.4,89,49.99
http://fraganciasoasis.com/images/3360377032767.jpg,POLO BLACK M 4.2,85,52.99
http://fraganciasoasis.com/images/3360377022966.jpg,POLO BLUE M 2.6 DEO STICK,29,10.5
http://fraganciasoasis.com/images/3360377022928.jpg,POLO BLUE M 4.2,89,53.5
http://fraganciasoasis.com/images/3605970265519.jpg,POLO BLUE SPORT M 4.2,89,49.95
http://fraganciasoasis.com/images/3360372012825.jpg,POLO M 4.0,89,52.95
http://fraganciasoasis.com/images/5466387.jpg,POLO RED INTENSO,98,57.75
http://fraganciasoasis.com/images/3360372055402.jpg,POLO SPORT M 4.2,89,57.5
http://fraganciasoasis.com/images/844061001602.jpg,PORTFOLIO ELITE M 3.4,39,18.5
http://fraganciasoasis.com/images/844061001695.jpg,PORTFOLIO M 3.4,49,17.5
http://fraganciasoasis.com/images/5907699483945.jpg,PORTO DI CAPRI M 3.4,25,8.75
http://fraganciasoasis.com/images/049398960015.jpg,POWER BY 50 CENT M 3.4,55,24.75
http://fraganciasoasis.com/images/8435137726783.jpg,PRADA IRIS W 3.4 TESTER,55,25
http://fraganciasoasis.com/images/8435137729180.jpg,PRADA LUNA ROSA M 3.4,89,49.99
http://fraganciasoasis.com/images/8435137704231.jpg,PRADA M 3.4,84,49.99
http://fraganciasoasis.com/images/8435137702756.jpg,PRADA W 2.7 TESTER,55,25
http://fraganciasoasis.com/images/085805506254.jpg,PRETTY E. ARDEN W 1.7,29,12.75
http://fraganciasoasis.com/images/085805004675.jpg,PROVOCATIVE W 3.4,49,22.75
http://fraganciasoasis.com/images/3700134407030.jpg,PURE DREAMER M 3.4,35,11.75
http://fraganciasoasis.com/images/3700134407290.jpg,PURE ICE M 3.4,39,12.5
http://fraganciasoasis.com/images/8411061411919.jpg,QUORUM M 3.4,33,11.5
http://fraganciasoasis.com/images/3605975048261.jpg,RALPH LAURE M 4.2,89,57
http://fraganciasoasis.com/images/3360377009363.jpg,RALPH W 3.4,75,49.75
http://fraganciasoasis.com/images/663350072297.jpg,REAL MADRID M 3.4,29,8.95
http://fraganciasoasis.com/images/8718657762241.jpg,RED APPLE 8 W 3.4,29,6.99
http://fraganciasoasis.com/images/719346536349.jpg,RED BY GIORGIO M 3.4,45,18.75
http://fraganciasoasis.com/images/716393009659.jpg,RED BY GIORGIO W 3.0,45,21.5
http://fraganciasoasis.com/images/085805015268.jpg,RED DOOR REVEALED W 3.3,39,17.99
http://fraganciasoasis.com/images/085805558420.jpg,RED DOOR W 3.3,49,29.99
http://fraganciasoasis.com/images/3442151005782.jpg,RED PEARL W 3.3,39,10
http://fraganciasoasis.com/images/3137370310099.jpg,RICCI RICCI W 2.7,75,36.5
http://fraganciasoasis.com/images/3137370310105.jpg,RICCI RICCI W 2.7 TESTER,55,24
http://fraganciasoasis.com/images/3700134407344.jpg,RICH ICONE M 3.0,39,15.75
http://fraganciasoasis.com/images/608940552353.jpg,RIHANNA NUDE W 3.4,49,25.99
http://fraganciasoasis.com/images/608940552360.jpg,RIHANNA NUDE W 3.4 TESTER,45,18.95
http://fraganciasoasis.com/images/608940549193.jpg,RIHANNA REBELLE W 3.4,49,20.5
http://fraganciasoasis.com/images/608940553558.jpg,RIHANNA ROGUE W 4.2,49,19.95
http://fraganciasoasis.com/images/608940543313.jpg,RIHANNA W 3.4,49,25.5
http://fraganciasoasis.com/images/RA.jpg,ROBERTO ALOMAR M 3.4,49,19.5
http://fraganciasoasis.com/images/719346564649.jpg,ROCA WEAR X M 3.4,45,19.99
http://fraganciasoasis.com/images/719346122214.jpg,ROCAWEAR M 3.4,39,18.95
http://fraganciasoasis.com/images/3139420008161.jpg,ROCHAS M 3.3,49,25.75
http://fraganciasoasis.com/images/3360377002968.jpg,ROMANCE W 3.4,95,57.95
http://fraganciasoasis.com/images/3355992006767.jpg,RUMBA PASSION W 3.4,45,16.75
http://fraganciasoasis.com/images/3355992004596.jpg,RUMBA W 3.3,45,16.5
http://fraganciasoasis.com/images/8032529115653.jpg,SALVATORE FERRAGAMO F M 3.4,59,24.5
http://fraganciasoasis.com/images/008952052122.jpg,SAMBA M 3.3,15,6.95
http://fraganciasoasis.com/images/008952022170.jpg,SAMBA NATURAL M 3.3,15,6.95
http://fraganciasoasis.com/images/008952962179.jpg,SAMBA SUPER W 3.4,19,7.75
http://fraganciasoasis.com/images/008952772174.jpg,SAMBA TRUE BLUE M 3.3,15,6.95
http://fraganciasoasis.com/images/818155010023.jpg,SELENA GOMEZ W 1.7,37,14.75
http://fraganciasoasis.com/images/3700134405852.jpg,SENSUAL INTENSE M 3.4,35,14.95
http://fraganciasoasis.com/images/8411061788530.jpg,SET 212 M 3.4 2PCS,80,49.5
http://fraganciasoasis.com/images/8411061807217.jpg,SET 212 VIP ROSE W 2.7 2PCS,110,64.75
http://fraganciasoasis.com/images/8411061687154.jpg,SET 212 W 2PCS 3.4,69,45.95
http://fraganciasoasis.com/images/844061006799.jpg,SET 360 BLACK M 4 PCS 3.4,49,23.75
http://fraganciasoasis.com/images/844061007833.jpg,SET 360 M 4 PCS 3.4,49,24.95
http://fraganciasoasis.com/images/844061007017.jpg,SET 360 PINK W 3.4 4PCS,55,27.95
http://fraganciasoasis.com/images/844061007857.jpg,SET 360 RED M 4 PCS 3.4,55,25.75
http://fraganciasoasis.com/images/844061006713.jpg,SET 360 W 4 PCS 3.4,49,25.5
http://fraganciasoasis.com/images/844061005914.jpg,SET 360 WHITE 4 PCS M 3.4,49,22.75
http://fraganciasoasis.com/images/085805028114.jpg,SET 5TH AVE W 3 PCS 4.2,55,26.95
http://fraganciasoasis.com/images/8718657763514.jpg,SET 6TH SEENT W 2.5 5PCS,35,11.75
http://fraganciasoasis.com/images/3660732004010.jpg,SET ACQUA DI GIOIA W 3.4,100,63.75
http://fraganciasoasis.com/images/663350058215.jpg,SET ANGRY BIRDS YELLOW 1.7 3PC,33,11.5
http://fraganciasoasis.com/images/085805099909.jpg,SET ARDEN BEAUTY W 3.3 2PCS,45,17.5
http://fraganciasoasis.com/images/6944329791307.jpg,SET BEAUTY ROSE  W 3.4 4PCS,35,11.75
http://fraganciasoasis.com/images/719346590549.jpg,SET BORA BORA M 3 PCS 3.4,49,20.75
http://fraganciasoasis.com/images/719346573771.jpg,SET BORA BORA W 3 PCS 3.4,49,21.95
http://fraganciasoasis.com/images/6924574541384.jpg,SET BRILLIANT W 4PCS 3.4,35,11.75
http://fraganciasoasis.com/images/8411061761106.jpg,SET CH W 1.7 2PCS,85,47.25
http://fraganciasoasis.com/images/3607342835559.jpg,SET CK ONE SHOCK W,65,33.75
http://fraganciasoasis.com/images/3607342956506.jpg,SET COOL WATER M 3PCS,55,23.5
http://fraganciasoasis.com/images/5425017737100.jpg,SET CUBA GOLD M 3.4 5PCS,39,15.95
http://fraganciasoasis.com/images/098691040733.jpg,SET CURVE KICKS W 4 PCS 3.4,49,19.95
http://fraganciasoasis.com/images/737052711430.jpg,SET D&G THE ONE M 3.4 3PC,95,53.5
http://fraganciasoasis.com/images/827669022798.jpg,SET DAFFY DUCK M 3.4 3PCS,25,11.99
http://fraganciasoasis.com/images/4085400291018.jpg,SET DIESEL PLUS PLUS M 2.5,45,13.75
http://fraganciasoasis.com/images/719346126526.jpg,SET DIRTY ENGLISH M 3PCS 3.4,59,27.5
http://fraganciasoasis.com/images/6924574541261.jpg,SET ECSTASY YELLOW 3.4 5PCS,35,11.75
http://fraganciasoasis.com/images/094922191793.jpg,SET ED HARDY BORN WILD M 5PCS,55,27.5
http://fraganciasoasis.com/images/094922190239.jpg,SET ED HARDY H & D M 4PCS 3.4,55,27.75
http://fraganciasoasis.com/images/094922911810.jpg,SET ED HARDY LOVE & LUCK M 3.4,59,31.5
http://fraganciasoasis.com/images/094922912015.jpg,SET ED HARDY LOVE & LUCK W 1.7,65,32.75
http://fraganciasoasis.com/images/6924574541247.jpg,SET ENCHANT PINK W 5PCS 3.4,35,11.75
http://fraganciasoasis.com/images/844061006997.jpg,SET EVA AMOUR BY EVA 3.4 4PCS,45,18.95
http://fraganciasoasis.com/images/608940544990.jpg,SET FANCY NIGHTS W 4 PCS,55,28.25
http://fraganciasoasis.com/images/6924574540141.jpg,SET FLOWER SEASON W 3.4 4PCS,35,11.75
http://fraganciasoasis.com/images/8431754002620.jpg,SET HALLOWEEN W 4 PCS 3.4,55,32.75
http://fraganciasoasis.com/images/3423474775958.jpg,SET JPG 3PCS M 4.2,95,49.95
http://fraganciasoasis.com/images/3423474778058.jpg,SET JPG LE BEAU MALE 4.2 3PCS,89,55.75
http://fraganciasoasis.com/images/719346604062.jpg,SET JUSTIN B GIRL FRIEND W 3PC,59,26.99
http://fraganciasoasis.com/images/719346604055.jpg,SET JUSTIN BEABER SOMEDAY 3PCS,49,26.95
http://fraganciasoasis.com/images/719346176491.jpg,SET JUSTIN BEABER THE KEY W 3P,59,23.95
http://fraganciasoasis.com/images/608940555293.jpg,SET K COLE BLACK M 3.4 3PCS,59,29.99
http://fraganciasoasis.com/images/647393955113.jpg,SET KIDS BATMAN M 3.4 2PCS,33,10.5
http://fraganciasoasis.com/images/647393955212.jpg,SET KIDS SUPERMAN 3.4 2PCS,33,10.5
http://fraganciasoasis.com/images/6924574540592.jpg,SET LOCK LOVE M 4PCS 3.4,35,11.75
http://fraganciasoasis.com/images/719346135207.jpg,SET LOLLIPOP BLING 3PCS W 1.0,70,29.95
http://fraganciasoasis.com/images/6924574502972.jpg,SET LUCKY STRIKE BLUE M 3.4,29,10.75
http://fraganciasoasis.com/images/6924574502958.jpg,SET LUCKY STRIKE GOLD M 3.4,29,10.75
http://fraganciasoasis.com/images/719346125062.jpg,SET M LUSCIOUS PINK W 3PCS 1.7,59,28
http://fraganciasoasis.com/images/6924574541131.jpg,SET MEN SPORT 4.0 4 PCS,35,11.75
http://fraganciasoasis.com/images/3605975000047.jpg,SET NOTORIOUS W 3 PCS 1.7,72,45.95
http://fraganciasoasis.com/images/883915352439.jpg,SET OSCAR DE LA R. W 3.4 4PCS,65,36.75
http://fraganciasoasis.com/images/3349668515318.jpg,SET PACO BLACK XS W 1.7 2PCS,69,38.95
http://fraganciasoasis.com/images/608940555514.jpg,SET PARIS HILTON MINI W 4PCS,45,17.75
http://fraganciasoasis.com/images/608940547670.jpg,SET PARIS HILTON TEASE W 3.4,45,17.75
http://fraganciasoasis.com/images/608940550335.jpg,SET PARIS HILTON W 4PCS 3.4,49,27.5
http://fraganciasoasis.com/images/8718657764771.jpg,SET PASSION IN THE AIR W 3.4,35,11.75
http://fraganciasoasis.com/images/608940551905.jpg,SET PH JUST ME W 3PCS 3.4,55,22.95
http://fraganciasoasis.com/images/6924574507663.jpg,SET PINK TEMPTATION W 4PCS 3.4,35,11.75
http://fraganciasoasis.com/images/679602296625.jpg,SET PINO SILVESTRE M 4.2 2PC,49,16.5
http://fraganciasoasis.com/images/085805093150.jpg,SET PRETTY W 2PCS 1.7,49,19.5
http://fraganciasoasis.com/images/6924574550003.jpg,SET PRIME TIME (ORANGE) M 4PCS,29,11.75
http://fraganciasoasis.com/images/6924574583315.jpg,SET PRINCE M 3.4 4PCS,29,11.75
http://fraganciasoasis.com/images/827669022750.jpg,SET ROAD RUNNER M 3.4 3PCS,25,11.99
http://fraganciasoasis.com/images/6924574511011.jpg,SET SAXOPHONE M 3.4 4PCS,33,11.75
http://fraganciasoasis.com/images/818155010153.jpg,SET SELENA GOMEZ W 3.4 4PCS,45,21.5
http://fraganciasoasis.com/images/818155013697.jpg,SET SELENA VIVAMORE W 3.4 4PCS,49,23.95
http://fraganciasoasis.com/images/719346069083.jpg,SET SEXUAL W 4 PCS 2.5,55,25.75
http://fraganciasoasis.com/images/827669022774.jpg,SET SYLVESTER M 3.4 3PCS,25,11.99
http://fraganciasoasis.com/images/883991078629.jpg,SET TOMMY B MARTINIQUE M,33,10.75
http://fraganciasoasis.com/images/6924574582547.jpg,SET TOP MODEL PINK W 3.4 4PCS,35,11.75
http://fraganciasoasis.com/images/855560005060.jpg,SET UNFORGIVABLE M 4.2 3PCS,75,39.95
http://fraganciasoasis.com/images/6924574500947.jpg,SET VASE W 3.4 4 PCS,29,11.75
http://fraganciasoasis.com/images/6924574500770.jpg,SET VICTORIOUS M 4PCS 3.4,35,11.75
http://fraganciasoasis.com/images/719346168052.jpg,SET VIVA LA JUICE W 3.4 3PCS,98,59.99
http://fraganciasoasis.com/images/719346610087.jpg,SET WHITE DIAM W 3 PCS 3.3,55,32.75
http://fraganciasoasis.com/images/827669022781.jpg,SET WILE E COYOTE M 3.4 3PCS,25,11.99
http://fraganciasoasis.com/images/851914004130.jpg,SEXY CITY FISION W 3.3,15,4.5
http://fraganciasoasis.com/images/SBL.jpg,SHAKIRA BODY LOTION W 2.5,8,2.25
http://fraganciasoasis.com/images/8411061741894.jpg,SHAKIRA ELIXIR W 1.7 TESTER,21,6
http://fraganciasoasis.com/images/3346470113558.jpg,SHALIMAR W 3.0,75,49.5
http://fraganciasoasis.com/images/067724271116.jpg,SHI W 3.4,45,17.5
http://fraganciasoasis.com/images/603531211084.jpg,SIRENE W 3.4,45,16.75
http://fraganciasoasis.com/images/085805120900.jpg,SPLENDOR (W) 4.2,33,12.99
http://fraganciasoasis.com/images/085805757748.jpg,SUNFLOWERS W 3.3,35,13.5
http://fraganciasoasis.com/images/7640131392723.jpg,SWISS ARMY M 3.4,45,19.99
http://fraganciasoasis.com/images/046447012695.jpg,TABU M 3.3,45,15.75
http://fraganciasoasis.com/images/719346592048.jpg,TAYLOR BY TAYLOR SWIFT W 3.4,49,18.99
http://fraganciasoasis.com/images/607193002004.jpg,THE BARON M 4.5,69,36.95
http://fraganciasoasis.com/images/8718657762234.jpg,THE FIRST LADY 3.4,29,5.99
http://fraganciasoasis.com/images/022548252352.jpg,TOMMY EAU DE PREP M 3.4,69,33.5
http://fraganciasoasis.com/images/022548040126.jpg,TOMMY GIRL W 3.4,45,23.95
http://fraganciasoasis.com/images/022548268865.jpg,TOMMY HILFIGER M 1.7,45,15.75
http://fraganciasoasis.com/images/022548024324.jpg,TOMMY M 3.4,49,23.5
http://fraganciasoasis.com/images/837015000523.jpg,TOUCH 3.4 W,49,18.75
http://fraganciasoasis.com/images/8437002110628.jpg,TOUS GOLD W 3.0 EDP,65,28.95
http://fraganciasoasis.com/images/8437006654012.jpg,TOUS GOLD W 3.0 TESTER,55,22.75
http://fraganciasoasis.com/images/8436038833266.jpg,TOUS H2O W 3.4,59,28.5
http://fraganciasoasis.com/images/8436038831729.jpg,TOUS IN HEAVEN M 3.4,59,20.95
http://fraganciasoasis.com/images/8436038831491.jpg,TOUS IN HEAVEN W 3.4,59,20.95
http://fraganciasoasis.com/images/8436038839121.jpg,TOUS INTENSE M 3.4,60,29.99
http://fraganciasoasis.com/images/8436038834935.jpg,TOUS LEAU DE PERFUM W 3.0,90,38.99
http://fraganciasoasis.com/images/8436038835680.jpg,TOUS LEAU DE TOILETTE W 3.0,55,22.95
http://fraganciasoasis.com/images/8437002997427.jpg,TOUS M 3.4,65,27.75
http://fraganciasoasis.com/images/8437006654098.jpg,TOUS M 3.4 TESTER,45,22.95
http://fraganciasoasis.com/images/8436038838414.jpg,TOUS ROSA W 3.0,79,29.95
http://fraganciasoasis.com/images/8436038834416.jpg,TOUS SPORT M 3.4,69,27.95
http://fraganciasoasis.com/images/MTT.jpg,TOUS TOUCH MINI W 4 ML,7,2
http://fraganciasoasis.com/images/8437006654296.jpg,TOUS TOUCH W 3.3,90,38.99
http://fraganciasoasis.com/images/8437002997021.jpg,TOUS W 1.7,59,15.99
http://fraganciasoasis.com/images/8437002997014.jpg,TOUS W 3.0,65,28.95
http://fraganciasoasis.com/images/3147758034929.jpg,TRESOR  LANCOME W 3.4,95,65.75
http://fraganciasoasis.com/images/3605532209067.jpg,TRESOR IN LOVE W 2.5,85,54.95
http://fraganciasoasis.com/images/3605532423265.jpg,TRESOR MIDNIGHT ROSE W 2.5,89,57.75
http://fraganciasoasis.com/images/3147758034912.jpg,TRESOR W 1.7 L'EAU D PARFUM,79,47.5
http://fraganciasoasis.com/images/719346373906.jpg,TRUE LOVE W 3.3,33,11.25
http://fraganciasoasis.com/images/883714158263.jpg,U.S. AIRFORCE STEALTH M 3.4,59,28.95
http://fraganciasoasis.com/images/883714158270.jpg,U.S. COAST GUARD RIPTIDE M 3.4,59,28.75
http://fraganciasoasis.com/images/855560005008.jpg,UNFORGIVABLE M 4.2,79,39.99
http://fraganciasoasis.com/images/085805161088.jpg,UNTOLD ELIZABETH ARDEN W 3.4,65,28.5
http://fraganciasoasis.com/images/098691043260.jpg,USHER W 3.4,49,16.75
http://fraganciasoasis.com/images/667530251106.jpg,V SECRET BL HELLO DARLING,12,6.99
http://fraganciasoasis.com/images/667534419670.jpg,V SECRET BL LOVE SPELL,12,6.99
http://fraganciasoasis.com/images/667530376151.jpg,V SECRET BL MIDNIGHT DARE,12,6.99
http://fraganciasoasis.com/images/667534422908.jpg,V SECRET BL PASSION STRUCK,14,6.99
http://fraganciasoasis.com/images/667534419618.jpg,V SECRET BL PURE SEDUCTION,12,6.99
http://fraganciasoasis.com/images/667529518449.jpg,V SECRET BL SUCH A FLIRT,12,6.99
http://fraganciasoasis.com/images/667529475117.jpg,V SECRET SPL CRAVING,12,6.99
http://fraganciasoasis.com/images/667530251069.jpg,V SECRET SPL HELLO DARLING,12,6.99
http://fraganciasoasis.com/images/667534419601.jpg,V SECRET SPL LOVE SPELL,12,6.99
http://fraganciasoasis.com/images/667526907802.jpg,V SECRET SPL PEAR GLACE,12,6.99
http://fraganciasoasis.com/images/667534419625.jpg,V SECRET SPL PURE SEDUCTION,12,6.99
http://fraganciasoasis.com/images/667526907826.jpg,V SECRET SPL VANILLA LACE,12,6.99
http://fraganciasoasis.com/images/8411061725948.jpg,VALENTINA W 1.7,75,46.75
http://fraganciasoasis.com/images/688575202199.jpg,VERA WANG FLOWER PRINCESS W 3.,65,29.99
http://fraganciasoasis.com/images/688575117004.jpg,VERA WANG M 3.4,65,29.99
http://fraganciasoasis.com/images/688575179415.jpg,VERA WANG PRINCESS W 3.4,59,31.5
http://fraganciasoasis.com/images/3442151006284.jpg,VERONA W 3.3,29,9.95
http://fraganciasoasis.com/images/8011003818112.jpg,VERSACE BRIGHT CRYSTAL ABSOLU,89,58.95
http://fraganciasoasis.com/images/8011003993826.jpg,VERSACE BRIGHT CRYSTAL W 3.0,88,42.75
http://fraganciasoasis.com/images/8011003996179.jpg,VERSACE DREAMER M 1.7,45,23.5
http://fraganciasoasis.com/images/8011003996766.jpg,VERSACE DREAMER M 3.3,59,28.95
http://fraganciasoasis.com/images/8018365100480.jpg,VERSACE MAN 3.4,65,32.5
http://fraganciasoasis.com/images/8011003997015.jpg,VERSACE VERSENSE W 1.7,69,33.75
http://fraganciasoasis.com/images/8011003997022.jpg,VERSACE VERSENSE W 3.4,75,46.5
http://fraganciasoasis.com/images/8018365250468.jpg,VERSACE W 3.4,55,33.5
http://fraganciasoasis.com/images/8011003809219.jpg,VERSAGE EROS M 3.4,75,45.95
http://fraganciasoasis.com/images/855416003707.jpg,VICTOR MANUEL MIAMI W 3.4,39,12.75
http://fraganciasoasis.com/images/855416003714.jpg,VICTOR MANUEL NEW YORK W 3.4,39,12.75
http://fraganciasoasis.com/images/8554160037380.jpg,VICTOR MANUEL SAN JUAN M 3.4,45,12.95
http://fraganciasoasis.com/images/855416003721.jpg,VICTOR MANUEL SAN JUAN W 3.4,35,12.5
http://fraganciasoasis.com/images/8554160035300.jpg,VICTOR MANUEL W 3.4,39,12.75
http://fraganciasoasis.com/images/6924574510786.jpg,VICTORIOUS GOLD M 3.4,25,8.75
http://fraganciasoasis.com/images/8718657762067.jpg,VICTORIUS 4 M 3.4,29,6.99
http://fraganciasoasis.com/images/719346593946.jpg,VIVA LA JUICE LA FLEUR W 5.0,75,30.5
http://fraganciasoasis.com/images/719346167062.jpg,VIVA LA JUICE NOIR W 3.4,98,53.95
http://fraganciasoasis.com/images/6924574511189.jpg,WATER DROP PINK W 3.4,25,8.75
http://fraganciasoasis.com/images/3331431581309.jpg,WATT BLACK M 3.4,21,6.99
http://fraganciasoasis.com/images/3331431680309.jpg,WATT PINK W 3.3,21,6.99
http://fraganciasoasis.com/images/719346450508.jpg,WHITE DIAMONDS AND ESMER W 3.3,45,16.95
http://fraganciasoasis.com/images/719346450607.jpg,WHITE DIAMONDS AND RUBIES 3.4,49,18.95
http://fraganciasoasis.com/images/719346450409.jpg,WHITE DIAMONDS AND SAPPHIERS 3,45,15.75
http://fraganciasoasis.com/images/719346022705.jpg,WHITE DIAMONDS W 3.3,49,24.95
http://fraganciasoasis.com/images/027131020424.jpg,WHITE LINE ESTEE LAUDER W 2.0,89,43.5
http://fraganciasoasis.com/images/719346020190.jpg,WINGS M 3.4,39,12.5
http://fraganciasoasis.com/images/716393018859.jpg,WINGS W 3.0,35,12.99
http://fraganciasoasis.com/images/719346160148.jpg,WONDERSTRUCK ENCHANTED W 3.4,49,21.75
http://fraganciasoasis.com/images/719346145954.jpg,WONDERSTRUCK W 3.4,49,20.95
http://fraganciasoasis.com/images/603531670072.jpg,XOXO MI AMORE W 3.4,45,19.5
http://fraganciasoasis.com/images/848727001357.jpg,YANKESS NY M 3.4,39,14.75
